name,GfPrTr,HfPrTr,SPrTr,VPrTr,k0,k1,k2,k3,v1,v2,v3,v4,Tlambda,Tref,dTdP,l1,l2,DtH,Tmax,Tmin,d0,d1,d2,d3,d4,d5
hedenbergite,-2674300,-2837802.5,173.59,6.785,353.31148,-3106.646,2047911.742,-563018581,-0.17457,1.51E-06,2.796487,0,,,,,,,,,,,,,,
andradite,-5419000,-5761985.8,316.4,13.167,569.7558,-1441.44,-22441040.802,3146543781,-0.06539136,1.635E-07,2.072525,0.561,,,,,,,,,,,,,,
ferro-actinolite,-9839000,-10518042.6,685.1,28.26,1321.15758,-8966.454,-21705844.286,3236159154,-0.15,0,2.84,0,,,,,,,,,,,,,,
grunerite,-8964807,-9623000,725,27.8,1347.83,-9356.91,-20228480,3039190000,-0.15,0,2.84,0,,,,,,,,,,,,,,
ilvaite,-3440000,-3695605.5,291.5,10.016,682.79138,-8787.112,30183568.71,-5666432624,-0.06838,2.4E-08,1.801543,1.152,,,,,,,,,,,,,,
